,owner,archived,stargazers_count,forks_count,language,license,created_at,updated_at,commit_stats.dds,commit_stats.total_committers,last_month_downloads,dependent_repos_count,latest_release_published_at
https://gitlab.com/dlr-ve/esy/amiris/amiris,dlr-ve,False,13,8,,other,2021-11-25T09:09:46.124Z,2025-05-09T13:18:32.477Z,,,0,0,
https://github.com/curent/andes,CURENT,False,269,121,Python,other,2016-11-07T01:04:50.000Z,2025-05-30T15:48:35.000Z,0.12049079754601222,22,1129,2,2025-01-05
https://github.com/antaressimulatorteam/antares_simulator,AntaresSimulatorTeam,False,70,25,C,other,2018-07-03T14:05:14.000Z,2025-05-30T14:32:53.000Z,0.5096304008328996,32,0,0,2025-03-14
https://github.com/leonardgoeke/anymod.jl,leonardgoeke,False,70,21,Julia,mit,2019-09-11T19:08:21.000Z,2024-09-30T09:44:38.000Z,0.18957345971563977,4,8,0,2022-10-21
https://github.com/lkruitwagen/global-fossil-fuel-supply-chain,Lkruitwagen,False,188,13,Jupyter Notebook,mit,2020-01-23T16:59:07.000Z,2025-04-27T05:39:29.000Z,0.04347826086956519,5,0,0,
https://github.com/balmorelcommunity/balmorel,balmorelcommunity,False,39,39,Jupyter Notebook,other,2017-07-06T15:22:21.000Z,2025-05-14T09:41:09.000Z,0.1528822055137845,7,0,0,
https://github.com/calliope-project/calliope,calliope-project,False,322,97,Python,apache-2.0,2013-09-18T17:58:41.000Z,2025-05-23T13:40:15.000Z,0.3853658536585366,22,726,4,2023-01-18
https://github.com/youngfaithful/capacityexpansion.jl,YoungFaithful,False,25,5,Julia,mit,2019-03-28T21:02:36.000Z,2025-02-10T09:05:50.000Z,,,0,0,2020-09-30
https://github.com/derrickoswald/cimapplication,derrickoswald,False,16,5,JavaScript,mit,2016-07-12T12:10:07.000Z,2024-01-12T18:08:37.000Z,,,0,0,
https://github.com/nrel/coral,NREL,False,0,1,Python,,2022-11-18T20:32:35.000Z,2024-09-24T17:30:42.000Z,,,0,0,
https://github.com/reegis/deflex,reegis,False,12,7,Python,mit,2018-01-29T14:07:48.000Z,2023-12-20T14:09:41.000Z,,,20,2,2021-03-25
https://gitlab.com/diw-evu/dieter_public/dieterpy,diw-evu,False,4,0,,mit,2020-08-21T09:37:53.104Z,2024-08-23T14:21:34.319Z,,,0,0,
https://github.com/energy-modelling-toolkit/dispa-set,energy-modelling-toolkit,False,87,39,Python,eupl-1.2,2017-10-13T16:22:18.000Z,2025-04-30T11:11:51.000Z,0.5567164179104478,17,0,0,
https://git.rwth-aachen.de/acs/public/simulation/distaixframework/distaix,acs,,3,2,,gpl-3.0,2018-11-20T11:29:30.207Z,2025-02-18T10:10:05.032Z,,,0,0,
https://github.com/drafproject/draf,DrafProject,False,17,3,Python,lgpl-3.0,2021-07-22T11:34:54.000Z,2025-05-28T08:33:58.000Z,0.0,1,0,0,
https://github.com/openego/ego,openego,False,18,8,Python,agpl-3.0,2017-04-05T12:21:45.000Z,2025-03-12T16:46:21.000Z,0.2816143497757847,13,135,1,2018-12-10
https://github.com/emma-model/emma,emma-model,False,18,1,Jupyter Notebook,other,2020-06-26T10:52:12.000Z,2024-12-23T03:02:33.000Z,,,0,0,
https://github.com/energyinnovation/eps-us,EnergyInnovation,False,22,7,Python,gpl-3.0,2019-10-19T03:02:43.000Z,2025-06-01T18:28:02.000Z,0.643717080511663,12,0,0,
https://github.com/adgefficiency/energy-py,ADGEfficiency,False,179,33,Python,mit,2017-04-03T10:14:01.000Z,2025-05-19T14:06:25.000Z,0.2142857142857143,2,0,0,
https://github.com/adgefficiency/energy-py-linear,ADGEfficiency,False,95,28,Python,gpl-3.0,2019-01-15T21:59:41.000Z,2025-05-20T11:25:38.000Z,0.19310344827586212,5,0,0,
https://github.com/energyrt/energyrt,optimal2050,False,23,7,R,agpl-3.0,2016-03-17T16:08:29.000Z,2024-11-29T12:03:38.000Z,0.2675736961451247,7,0,0,
https://github.com/erf-model/erf,erf-model,False,36,48,C++,other,2020-10-21T21:05:22.000Z,2025-05-27T21:03:34.000Z,0.660842433697348,65,0,0,
https://github.com/energytransition/esdl,EnergyTransition,False,14,6,Shell,apache-2.0,2018-06-08T11:40:18.000Z,2025-05-09T10:02:52.000Z,0.6260869565217391,9,0,0,
https://github.com/fzj-iek3-vsa/fine,FZJ-IEK3-VSA,False,77,46,Python,other,2018-07-02T14:48:55.000Z,2025-05-23T06:27:14.000Z,0.7883116883116883,48,672,2,2025-01-09
https://github.com/flexigis/flexigis,FlexiGIS,False,23,8,Python,,2019-12-02T08:47:33.000Z,2025-05-13T14:04:07.000Z,0.504,5,0,0,2020-07-22
https://github.com/nrel/gear-scoup,NREL,False,2,0,MATLAB,,2017-10-11T16:04:28.000Z,2024-12-05T13:42:44.000Z,,,0,0,
https://git.tu-berlin.de/genesysmod/genesys-mod-public,genesysmod,,0,0,,apache-2.0,2020-12-30T13:31:43.733Z,2022-11-29T08:33:11.413Z,,,0,0,
https://github.com/genxproject/genx,GenXProject,False,310,134,Julia,gpl-2.0,2021-05-19T17:57:57.000Z,2025-05-23T03:14:29.000Z,0.6866359447004609,32,0,0,2025-02-05
https://github.com/sanpen/gridcal,SanPen,False,450,102,MATLAB,mpl-2.0,2016-01-13T15:40:10.000Z,2025-05-28T14:59:38.000Z,0.384423076923077,44,5130,1,2025-05-31
https://github.com/blue-marble/gridpath,blue-marble,False,105,42,Python,apache-2.0,2016-08-12T18:13:28.000Z,2025-05-20T12:26:47.000Z,0.22346368715083798,12,124,0,2025-04-30
https://github.com/gmlc-tdc/helics,GMLC-TDC,False,137,43,C++,bsd-3-clause,2017-06-01T17:03:19.000Z,2025-05-27T06:39:13.000Z,0.4691317266424563,39,5842,2,2025-02-28
https://github.com/nrel/hybridbosse,NREL,False,2,1,Python,bsd-3-clause,2021-06-25T17:14:05.000Z,2024-11-26T15:06:18.000Z,,,0,0,
https://github.com/mbheinen/bpa-ipf-tsp,mbheinen,False,12,17,Fortran,mit,2020-01-04T04:23:30.000Z,2022-10-08T16:52:45.000Z,,,0,0,
https://github.com/irena-flextool/flextool,irena-flextool,False,25,7,AMPL,other,2022-06-28T13:11:41.000Z,2025-05-22T11:19:18.000Z,0.3125,9,0,0,
https://github.com/juliaenergy/joulia.jl,JuliaEnergy,False,33,6,Julia,mit,2019-03-24T17:08:17.000Z,2025-04-23T14:16:23.000Z,0.0,1,0,0,
https://github.com/nrel/mafrit,NREL,False,6,3,MATLAB,bsd-3-clause-clear,2020-03-18T19:49:45.000Z,2024-11-15T03:52:15.000Z,,,0,0,
https://github.com/matpower/matpower,MATPOWER,False,474,161,MATLAB,other,2016-12-16T19:12:30.000Z,2025-06-01T11:33:31.000Z,0.039247096515819035,18,0,0,
https://github.com/adamgreenhall/minpower,adamgreenhall,False,71,34,Python,,2011-04-04T18:50:48.000Z,2024-04-08T08:22:19.000Z,0.0,1,23,2,2021-07-21
https://github.com/rl-institut/multi-vector-simulator,rl-institut,False,22,10,Python,gpl-2.0,2019-07-29T14:57:11.000Z,2025-03-11T14:46:06.000Z,0.7671166827386693,19,530,1,2024-05-03
https://github.com/bje-/nemo,bje-,False,45,16,Python,gpl-3.0,2015-11-23T00:43:29.000Z,2025-05-06T12:50:51.000Z,0.3216232586311326,4,0,0,
https://github.com/unsw-ceem/nempy,UNSW-CEEM,False,58,29,Python,bsd-3-clause,2020-04-14T04:36:37.000Z,2025-04-17T10:47:35.000Z,0.08549222797927458,6,2667,1,2025-03-07
https://github.com/oemof/oemof,oemof,False,113,26,Python,mit,2016-04-20T12:33:33.000Z,2025-05-21T16:11:33.000Z,0.6742424242424243,14,779,9,2019-11-29
https://github.com/oemof/oemof-solph,oemof,False,332,136,Python,mit,2015-11-24T13:38:22.000Z,2025-05-30T10:55:16.000Z,0.7066859530697525,72,4458,23,2025-04-25
https://github.com/oemof/oemof-thermal,oemof,False,31,12,Python,mit,2016-01-11T10:29:40.000Z,2025-05-26T10:41:36.000Z,0.8108365019011406,14,0,0,
https://gricad-gitlab.univ-grenoble-alpes.fr/omegalpes/omegalpes,omegalpes,,0,1,,apache-2.0,2018-10-24T09:54:08.003Z,2025-05-28T09:52:31.938Z,,,0,0,
https://github.com/onsset/onsset,OnSSET,False,28,35,Python,other,2019-05-27T15:17:54.000Z,2025-01-24T12:01:13.000Z,0.7669616519174041,12,46,1,2021-03-02
https://github.com/dpinney/omf,dpinney,False,119,66,Python,gpl-2.0,2012-09-17T17:15:57.000Z,2025-05-28T05:08:56.000Z,0.5673228912200029,65,0,0,
https://github.com/opencemorg/opencem,openCEMorg,False,19,5,Python,gpl-3.0,2018-11-13T03:41:55.000Z,2025-05-21T02:21:42.000Z,0.4935483870967742,9,0,0,
https://github.com/openipsl/openipsl,OpenIPSL,False,91,55,Modelica,bsd-3-clause,2016-04-16T09:09:47.000Z,2025-04-29T22:04:07.000Z,0.6554441260744985,29,0,0,
https://github.com/iit-energysystemmodels/opentepes,IIT-EnergySystemModels,False,45,24,Python,agpl-3.0,2020-07-24T21:11:41.000Z,2025-05-28T18:23:56.000Z,0.4238464679461005,8,0,0,2022-02-09
https://github.com/osemosys/osemosys,OSeMOSYS,False,166,104,,apache-2.0,2016-10-03T08:53:55.000Z,2025-05-15T18:11:08.000Z,0.5741935483870968,14,0,0,
https://github.com/e2niee/pandapower,e2nIEE,False,974,507,Python,other,2017-01-12T13:27:53.000Z,2025-05-27T14:08:30.000Z,0.846798115512127,156,50151,75,2025-05-26
https://github.com/richard-weinhold/pomato,richard-weinhold,False,80,18,Python,other,2020-05-12T14:42:17.000Z,2025-05-01T14:14:01.000Z,0.023809523809523836,4,0,0,
https://github.com/flexiblepower/powermatcher,flexiblepower,False,44,25,JavaScript,apache-2.0,2014-07-31T08:15:22.000Z,2025-04-21T07:02:48.000Z,,,0,0,
https://github.com/nrel-siip/powersimulations.jl,NREL-Sienna,False,293,70,Julia,bsd-3-clause,2017-11-03T21:11:22.000Z,2025-05-20T12:44:02.000Z,0.2733252131546894,36,0,0,
https://github.com/ie3-institute/powersystemdatamodel,ie3-institute,False,21,5,Java,bsd-3-clause,2020-01-23T16:00:59.000Z,2025-05-30T04:22:34.000Z,0.7706333973128598,32,0,7,2025-05-08
https://github.com/nrel-siip/powersystems.jl,NREL-Sienna,False,328,92,Julia,bsd-3-clause,2017-12-12T21:11:06.000Z,2025-05-22T08:22:25.000Z,0.49590693666523056,42,0,0,
https://github.com/kamal0013/pownet,Critical-Infrastructure-Systems-Lab,False,84,27,Python,mit,2019-09-27T03:03:01.000Z,2025-05-26T14:08:28.000Z,0.5161290322580645,8,0,0,
https://github.com/powsybl/powsybl-open-loadflow,powsybl,False,55,9,Java,mpl-2.0,2019-10-01T13:48:47.000Z,2025-05-28T18:32:47.000Z,0.5525751072961373,39,0,20,2025-05-06
https://github.com/thales1330/psp,Thales1330,False,61,16,C++,gpl-2.0,2016-07-27T18:51:54.000Z,2025-05-08T13:47:32.000Z,0.004357298474945481,2,0,0,
https://github.com/pypsa/pypsa,PyPSA,False,1518,522,Python,mit,2016-01-11T09:04:18.000Z,2025-05-27T07:31:09.000Z,0.8065257352941176,92,18889,32,2025-04-07
https://github.com/breakthrough-energy/reise.jl,Breakthrough-Energy,False,31,22,Julia,mit,2020-01-17T22:41:38.000Z,2025-05-06T12:53:59.000Z,0.47042253521126765,10,0,0,
https://github.com/nrel/reopt_api,NREL,False,104,57,Python,other,2018-12-17T21:24:59.000Z,2025-05-23T15:05:54.000Z,0.7556686719111523,22,0,0,
https://github.com/nrel/rev,NREL,False,122,56,Python,bsd-3-clause,2019-08-08T21:54:39.000Z,2025-05-24T17:42:54.000Z,0.6606136505948654,16,1118,1,2025-05-24
https://github.com/vub-hydr/revub,VUB-HYDR,False,20,4,Python,mit,2019-09-23T14:38:22.000Z,2025-05-07T16:04:02.000Z,0.0,1,0,0,
https://github.com/spine-tools/spineopt.jl,spine-tools,False,71,19,Julia,gpl-3.0,2018-10-08T09:22:26.000Z,2025-05-30T14:13:01.000Z,0.740613266583229,38,35,0,2025-04-09
https://github.com/switch-model/switch,switch-model,False,142,87,Python,other,2015-04-08T00:59:34.000Z,2025-03-30T02:18:48.000Z,0.40511440107671604,16,123,0,2022-11-02
https://github.com/nrel/sam,NREL,False,388,189,C++,bsd-3-clause,2013-01-10T02:52:47.000Z,2025-05-29T23:58:13.000Z,0.7245669848002828,46,0,0,
https://github.com/temoaproject/temoa,TemoaProject,False,87,49,Python,gpl-2.0,2015-01-10T19:22:06.000Z,2025-04-12T09:50:44.000Z,0.7467608951707891,25,0,0,2020-06-17
https://github.com/idaes/idaes-pse,IDAES,False,250,263,Python,other,2019-02-01T01:12:51.000Z,2025-05-28T21:49:27.000Z,0.7555807182141702,81,18496,8,2025-03-06
https://github.com/slacgismo/tess,slacgismo,False,13,2,Python,gpl-3.0,2019-07-16T13:50:17.000Z,2024-05-27T16:42:07.000Z,0.7341772151898734,15,0,0,
https://github.com/fzj-iek3-vsa/tsam,FZJ-IEK3-VSA,False,162,35,Python,mit,2017-05-15T08:36:11.000Z,2025-05-29T12:07:10.000Z,0.5732484076433121,20,11664,29,2025-05-29
https://github.com/tum-ens/urbs,tum-ens,False,193,135,Python,gpl-3.0,2014-07-19T13:40:41.000Z,2025-05-06T12:58:35.000Z,0.6681887366818874,25,0,0,
https://github.com/villasframework/node,VILLASframework,False,14,12,C++,apache-2.0,2022-12-02T09:11:02.000Z,2025-05-23T10:43:49.000Z,0.22899615834307663,37,192,3,2024-04-04
https://github.com/nrel/wpgnn,NREL,False,20,9,Python,apache-2.0,2021-12-22T16:35:31.000Z,2025-05-16T09:10:48.000Z,,,0,0,
https://github.com/e3-/resolve,e3-,False,5,2,Python,agpl-3.0,2023-06-09T17:51:45.000Z,2025-03-20T14:49:07.000Z,,,0,0,
https://github.com/etsap-times/times_model,etsap-TIMES,False,120,47,GAMS,gpl-3.0,2019-12-19T10:34:35.000Z,2025-05-30T17:34:30.000Z,0.273972602739726,4,0,0,
https://github.com/prep-next/prep-shot,PREP-NexT,False,422,18,Jupyter Notebook,gpl-3.0,2022-05-29T12:03:21.000Z,2025-05-26T03:32:45.000Z,0.6205128205128205,6,0,0,
https://github.com/juliaenergy/powerdynamics.jl,JuliaEnergy,False,110,32,Julia,gpl-3.0,2018-10-10T13:31:25.000Z,2025-04-26T09:28:49.000Z,0.7194029850746269,21,8,0,2024-01-23
https://github.com/flixopt/flixopt,flixOpt,False,10,4,Python,mit,2022-09-23T09:58:32.000Z,2025-05-08T16:23:26.000Z,,,247,0,2025-05-08
https://github.com/sei-international/nemomod.jl,sei-international,False,42,16,Julia,other,2018-06-22T06:49:34.000Z,2025-05-19T11:26:29.000Z,0.196078431372549,2,0,0,
https://github.com/mesmo-dev/mesmo,mesmo-dev,False,55,12,Python,mit,2019-08-07T21:30:17.000Z,2025-04-25T22:50:07.000Z,0.09523809523809523,5,0,0,
https://github.com/marvinler/pypownet,MarvinLer,False,116,33,Python,lgpl-3.0,2018-08-03T11:03:55.000Z,2025-05-07T15:09:59.000Z,0.030303030303030276,5,14,1,2020-10-26
https://github.com/idaholab/hybrid,idaholab,False,35,23,C,apache-2.0,2021-02-10T20:17:48.000Z,2025-04-26T15:35:07.000Z,0.8093525179856115,16,0,0,
https://github.com/dynawo/dynawo,dynawo,False,83,26,C++,mpl-2.0,2019-01-29T13:29:35.000Z,2025-05-28T09:00:39.000Z,0.7444915254237288,59,0,0,
https://github.com/powergridmodel/power-grid-model,PowerGridModel,False,170,37,C++,mpl-2.0,2022-01-20T12:31:31.000Z,2025-05-30T06:39:01.000Z,0.7106256206554121,32,0,0,
https://github.com/epri-dev/opender,epri-dev,False,61,24,Python,other,2022-04-26T22:09:28.000Z,2025-04-16T06:49:02.000Z,0.05607476635514019,2,975,1,2025-04-13
https://github.com/akkudoktor-eos/eos,Akkudoktor-EOS,False,1304,101,Python,other,2024-02-16T11:13:56.000Z,2025-05-27T12:55:49.000Z,0.5152439024390244,19,0,0,
https://github.com/ie3-institute/simona,ie3-institute,False,30,5,Scala,bsd-3-clause,2021-11-19T11:25:24.000Z,2025-05-28T04:39:43.000Z,0.6669505962521295,22,0,0,
https://github.com/microgridspy/microgridspy,MicroGridsPy,False,35,31,Python,eupl-1.2,2018-01-23T02:21:57.000Z,2025-04-21T12:36:05.000Z,0.4672897196261683,14,0,0,
https://github.com/chrisyeh96/sustaingym,chrisyeh96,False,51,12,HTML,cc-by-4.0,2022-04-18T21:06:53.000Z,2025-05-13T08:35:39.000Z,0.05797101449275366,4,57,0,2024-05-31
https://github.com/sogno-platform/dpsim,sogno-platform,False,84,61,C++,mpl-2.0,2020-01-29T08:49:59.000Z,2025-05-19T07:14:00.000Z,0.7048149044277765,32,66,1,2022-08-26
https://gitlab.com/mosaik/mosaik,mosaik,False,16,10,,lgpl-2.1,2020-02-14T20:57:17.429Z,2025-04-09T12:22:12.518Z,,,0,0,
https://github.com/grid2op/grid2op,Grid2op,False,348,127,Python,mpl-2.0,2019-10-10T17:04:46.000Z,2025-05-30T19:09:09.000Z,0.31619433198380564,31,1471,16,2025-04-15
https://github.com/electa-git/flexplan.jl,Electa-Git,False,21,1,Julia,bsd-3-clause,2020-09-08T11:09:37.000Z,2024-11-30T03:37:17.000Z,0.29401993355481726,13,6,0,2024-07-01
https://github.com/manuvarkey/gelectrical,manuvarkey,False,79,7,Python,gpl-3.0,2021-01-18T13:25:54.000Z,2025-05-28T06:49:15.000Z,0.0,1,0,0,
https://github.com/upb-lea/electricgrid.jl,upb-lea,False,37,5,Julia,mit,2021-12-10T11:45:03.000Z,2025-05-06T21:09:37.000Z,0.7203883495145631,18,0,0,2023-04-17
https://gitlab.com/sesit/copper,sesit,False,6,3,,mit,2022-11-28T21:29:26.276Z,2025-05-05T18:25:20.881Z,,,0,0,
https://github.com/powsybl/powsybl-core,powsybl,False,134,45,Java,mpl-2.0,2017-09-29T14:51:18.000Z,2025-05-28T15:03:49.000Z,0.7927736450584485,113,0,47,2025-05-06
https://github.com/gmlc-dispatches/dispatches,gmlc-dispatches,False,15,34,Jupyter Notebook,other,2020-12-21T20:32:55.000Z,2025-04-24T21:36:35.000Z,0.5877437325905293,21,58,1,2023-04-05
https://gitlab.com/smartgridtoolbox/smartgridtoolbox,SmartGridToolbox,False,8,1,,apache-2.0,2019-03-17T05:03:52.402Z,2025-05-07T08:19:02.708Z,,,0,0,
https://github.com/arras-energy/gridlabd,arras-energy,False,10,5,C++,other,2023-09-22T17:41:24.000Z,2025-05-25T14:21:06.000Z,0.07692307692307687,2,0,0,
https://github.com/rebase-energy/enflow,rebase-energy,False,52,3,Jupyter Notebook,mit,2024-01-09T20:16:08.000Z,2025-05-25T01:26:27.000Z,0.4933333333333333,4,30,0,2025-03-23
https://github.com/lanl-ansi/powermodels.jl,lanl-ansi,False,423,164,Julia,other,2016-08-01T20:30:54.000Z,2025-05-27T12:39:35.000Z,0.16258351893095768,30,672,5,2025-05-01
https://github.com/energysystemsmodellinglab/muse_os,EnergySystemsModellingLab,False,22,8,Python,gpl-3.0,2022-03-10T16:55:09.000Z,2025-05-16T15:31:34.000Z,0.8247213779128673,27,0,0,
https://github.com/nrel/h2integrate,NREL,False,10,18,PowerBuilder,other,2024-10-07T15:12:46.000Z,2025-05-30T20:13:29.000Z,,,217,0,2025-05-03
https://github.com/grid-parity-exchange/egret,grid-parity-exchange,False,138,57,Python,other,2019-01-28T18:41:03.000Z,2025-05-13T12:02:18.000Z,0.6947368421052631,33,12645,4,2023-04-03
https://github.com/eiagov/bluesky,EIAgov,False,66,10,Python,apache-2.0,2024-07-17T15:52:34.000Z,2025-05-25T12:07:44.000Z,0.4,2,0,0,
https://github.com/ait-energy/iesopt.jl,ait-energy,False,20,4,Julia,mit,2023-09-19T13:27:11.000Z,2025-05-23T16:02:27.000Z,,,36,0,2025-05-01
https://github.com/quintel/etengine,quintel,False,16,7,Ruby,mit,2011-05-03T08:55:40.000Z,2025-05-23T09:17:11.000Z,0.639240506329114,49,0,0,
https://github.com/openego/edisgo,openego,False,41,15,Python,agpl-3.0,2017-04-05T12:16:17.000Z,2025-05-14T14:26:03.000Z,0.4659364146406626,24,77,1,2023-04-02
https://github.com/gridoptics/gridpack,GridOPTICS,False,52,23,C++,,2014-07-22T21:01:57.000Z,2025-05-10T12:53:36.000Z,0.8,51,0,0,
https://github.com/mzy2240/esa,mzy2240,False,47,13,Python,apache-2.0,2019-10-08T21:37:23.000Z,2025-03-26T04:05:33.000Z,0.5616666666666666,13,814,1,2023-06-05
https://github.com/tulipaenergy/tulipaenergymodel.jl,TulipaEnergy,False,44,30,JetBrains MPS,apache-2.0,2023-08-09T11:43:24.000Z,2025-06-02T14:57:34.000Z,0.6906474820143884,15,25,0,2025-05-01
https://github.com/quintel/etmodel,quintel,False,37,14,Ruby,mit,2011-05-03T08:55:13.000Z,2025-05-23T09:39:20.000Z,0.763473731884058,69,0,0,
https://gitlab.com/dlr-ve/esy/remix/framework,dlr-ve,False,10,0,,bsd-3-clause,2022-11-21T10:27:58.323Z,2025-03-05T10:57:54.254Z,,,0,0,
https://gitlab.com/sesit/silver,sesit,False,2,4,,mit,2022-11-18T23:06:35.622Z,2025-02-20T18:36:20.308Z,,,0,0,
https://github.com/ancillaryservicesacquisitionmodel/asam,AncillaryServicesAcquisitionModel,False,13,6,Python,gpl-3.0,2021-04-01T10:01:40.000Z,2024-10-04T04:05:47.000Z,,,0,0,
https://github.com/assume-framework/assume,assume-framework,False,43,18,Python,,2023-04-19T09:20:48.000Z,2025-05-26T08:00:56.000Z,0.6131840796019901,14,278,0,2025-04-17
https://github.com/uu-er/adopt-net0,UU-ER,False,5,9,Python,mit,2022-10-24T08:54:09.000Z,2025-05-27T15:23:41.000Z,,,111,0,2025-04-17
https://github.com/romulus97/capow_py36,romulus97,False,11,8,Python,mit,2019-07-22T16:15:02.000Z,2025-05-06T16:42:20.000Z,,,0,0,
https://github.com/emlab/emlab-generation,EMLab,False,24,67,Java,,2012-11-26T12:27:08.000Z,2025-04-04T14:11:38.000Z,,,0,0,
https://github.com/behrangshirizadeh/eoles_elecres,BehrangShirizadeh,False,26,9,GAMS,,2018-02-02T08:46:34.000Z,2025-02-15T19:53:17.000Z,,,0,0,
https://github.com/energyscope/energyscope,energyscope,False,30,22,NMODL,apache-2.0,2019-05-07T12:30:36.000Z,2025-04-28T13:55:57.000Z,,,0,0,
https://github.com/yabata/ficus,yabata,False,7,3,Python,gpl-3.0,2017-12-07T06:45:58.000Z,2024-08-19T12:38:16.000Z,,,0,0,
https://github.com/arthurrinaldi/grimsel,arthurrinaldi,False,1,3,Python,bsd-2-clause,2019-04-16T08:22:45.000Z,2023-11-28T15:48:04.000Z,,,0,0,
https://github.com/tum-ewk/lemlab,tum-ewk,False,26,19,Python,gpl-3.0,2021-05-28T13:55:35.000Z,2024-08-18T17:13:59.000Z,0.4375,5,0,0,
https://github.com/inwe-boku/medea,inwe-boku,False,4,5,GAMS,mit,2019-04-03T11:04:11.000Z,2024-05-17T06:43:52.000Z,,,0,0,
https://github.com/tum-ewk/opentumflex,tum-ewk,False,26,15,Python,gpl-3.0,2019-10-04T13:00:54.000Z,2025-01-14T03:00:49.000Z,,,0,0,
https://github.com/e2niee/pandapipes,e2nIEE,False,176,70,Python,other,2020-02-03T15:04:57.000Z,2025-06-02T04:54:45.000Z,0.6909803921568627,23,3962,2,2024-11-07
https://github.com/nrel-siip/powersimulationsdynamics.jl,NREL-Sienna,False,199,51,Julia,bsd-3-clause,2020-07-16T19:36:16.000Z,2025-05-26T00:46:18.000Z,0.33123312331233123,16,0,0,
https://github.com/andrewlyden/pylesa,andrewlyden,False,16,11,Python,mit,2020-05-04T10:45:30.000Z,2025-05-13T10:12:00.000Z,,,0,0,
https://github.com/nrel/reopt_lite_api,NREL,False,104,57,Python,other,2018-12-17T21:24:59.000Z,2025-05-23T15:05:54.000Z,0.7556686719111523,22,0,0,2024-11-22
https://github.com/rheia-framework/rheia,rheia-framework,False,21,8,Python,mit,2021-04-27T14:06:40.000Z,2025-05-14T13:51:58.000Z,0.3647798742138365,7,207,1,2024-12-19
https://github.com/fraukewiese/renpass,fraukewiese,False,18,10,R,gpl-3.0,2017-03-12T19:40:49.000Z,2024-01-18T10:03:23.000Z,,,0,0,
https://gitlab.com/smspp/smspp-project,smspp,False,1,2,,,2019-10-25T05:52:23.066Z,2023-05-25T05:35:20.294Z,,,0,0,
https://github.com/frkunz/stelmod,frkunz,False,12,10,GAMS,mit,2016-02-24T07:20:45.000Z,2024-09-03T15:44:39.000Z,,,0,0,
https://github.com/zen-universe/zen-garden,ZEN-universe,False,8,25,Python,mit,2021-07-28T16:56:20.000Z,2025-05-28T06:59:19.000Z,,,987,0,2025-05-28
https://git.rwth-aachen.de/acs/public/simulation/ssmd,acs,,0,0,,gpl-3.0,2018-07-20T08:50:53.914Z,2021-08-24T13:32:51.494Z,,,0,0,
https://git.tu-berlin.de/etus/public/aristopy,etus,,0,0,,mit,2021-09-07T10:15:44.199Z,2021-09-07T16:28:37.108Z,,,0,0,
https://github.com/autarky-power/minigrid-jcc,Autarky-Power,False,0,0,Julia,mit,2023-08-31T13:45:44.000Z,2024-02-27T08:24:51.000Z,,,0,0,
https://github.com/behrangshirizadeh/eoles_mv,BehrangShirizadeh,False,4,1,GAMS,,2020-02-21T16:52:17.000Z,2023-03-13T00:54:00.000Z,,,0,0,
https://github.com/btu-enerecon/em.power-invest,BTU-EnerEcon,False,1,0,GAMS,mit,2021-12-02T12:24:05.000Z,2023-09-07T16:47:10.000Z,,,0,0,
https://github.com/caaficus/bewhere-model,caaficus,False,2,1,Python,gpl-3.0,2021-12-20T10:04:12.000Z,2025-04-09T13:26:57.000Z,,,0,0,
https://github.com/elseviersoftwarex/softx_2020_61,ElsevierSoftwareX,False,0,0,MATLAB,gpl-3.0,2022-02-24T16:16:15.000Z,2022-03-16T16:30:39.000Z,,,0,0,
https://github.com/energymodelsx/energymodelsbase.jl,EnergyModelsX,False,11,0,Julia,mit,2024-01-25T12:44:05.000Z,2025-05-16T06:21:02.000Z,,,13,0,2025-01-01
https://github.com/epgoxford/open,EPGOxford,False,64,26,Python,apache-2.0,2019-12-02T18:54:17.000Z,2025-05-31T12:42:46.000Z,,,0,0,
https://github.com/future-power-networks/simplus-grid-tool,Future-Power-Networks,False,87,47,MATLAB,bsd-3-clause,2020-09-29T15:49:20.000Z,2025-05-28T14:19:27.000Z,,,0,0,
https://github.com/g-pst/inertia,G-PST,False,0,0,Go,bsd-3-clause,2023-06-21T18:59:43.000Z,2023-07-14T22:01:20.000Z,,,0,0,2023-11-03
https://github.com/highres-model/highres-europe,highRES-model,False,5,3,GAMS,mit,2020-12-15T11:27:05.000Z,2023-10-05T05:14:30.000Z,,,0,0,
https://github.com/hope-model-project/hope,HOPE-Model-Project,False,9,3,Julia,mit,2023-12-03T01:30:51.000Z,2025-04-22T03:43:27.000Z,,,0,0,
https://github.com/idaholab/heron,idaholab,False,28,39,Python,apache-2.0,2020-07-28T18:37:12.000Z,2025-05-31T18:57:26.000Z,0.5518207282913166,24,36,0,2024-09-30
https://github.com/iee-tugraz/lego,IEE-TUGraz,False,12,7,GAMS,mit,2022-04-13T17:14:02.000Z,2025-02-15T19:59:42.000Z,,,0,0,
https://github.com/iit-energysystemmodels/openmaster,IIT-EnergySystemModels,False,1,4,Python,gpl-3.0,2023-09-11T16:59:12.000Z,2025-02-17T20:24:16.000Z,,,0,0,
https://github.com/iit-energysystemmodels/opensduc,IIT-EnergySystemModels,False,9,2,Python,agpl-3.0,2022-10-06T07:18:31.000Z,2025-05-30T16:40:51.000Z,0.15873015873015872,2,0,0,
https://github.com/iit-energysystemmodels/starlite,IIT-EnergySystemModels,False,1,0,GAMS,agpl-3.0,2023-06-15T12:45:05.000Z,2024-07-15T09:09:09.000Z,0.0,1,0,0,
https://github.com/ipese/reho,IPESE,False,7,9,Python,apache-2.0,2023-06-19T13:01:14.000Z,2025-03-27T14:37:55.000Z,0.6118721461187215,8,132,0,2025-03-24
https://github.com/irpsim/irpopt,IRPsim,False,2,1,GAMS,,2022-03-01T12:14:38.000Z,2023-11-25T07:48:04.000Z,,,0,0,
https://github.com/lukasbarner/hydrogenmod.jl,LukasBarner,False,4,0,Julia,apache-2.0,2024-02-05T10:20:00.000Z,2025-04-01T14:07:21.000Z,,,0,0,
https://github.com/macroenergy/macroenergy.jl,macroenergy,False,15,7,Julia,mit,2023-10-25T13:41:42.000Z,2025-05-30T16:08:40.000Z,,,0,0,
https://github.com/matpower/most,MATPOWER,False,34,13,MATLAB,other,2016-12-16T19:10:43.000Z,2025-05-23T19:56:33.000Z,0.0,1,0,0,
https://github.com/modpowersystems/modpowersystems,ModPowerSystems,False,1,3,Modelica,,2020-01-31T09:24:28.000Z,2025-04-24T16:05:58.000Z,,,0,0,
https://github.com/niclasmattsson/supergrid,niclasmattsson,False,9,6,Julia,mit,2019-02-12T14:15:17.000Z,2023-05-10T05:46:02.000Z,0.0,1,0,0,
https://github.com/nrel/emerge,NREL,False,15,13,Python,bsd-3-clause,2020-03-11T19:45:05.000Z,2025-05-13T11:21:37.000Z,0.5,5,95,2,2024-06-05
https://github.com/nrel/hopp,NREL,False,29,59,Python,bsd-3-clause,2019-11-04T17:13:57.000Z,2025-05-28T16:32:28.000Z,0.7818930041152263,34,391,1,2025-05-01
https://github.com/nrel/paraemt_public,NREL,False,70,26,Python,bsd-3-clause,2023-06-08T12:43:21.000Z,2025-05-24T02:33:39.000Z,,,0,0,
https://github.com/nrel/pras,NREL,False,59,22,Julia,,2019-05-29T16:39:15.000Z,2025-05-28T11:26:40.000Z,,,160,0,2025-03-01
https://github.com/nrel/reeds-2.0,NREL,False,151,64,Python,bsd-3-clause,2019-05-28T15:57:01.000Z,2025-05-23T09:15:29.000Z,0.6538461538461539,16,0,0,
https://github.com/nrel/rodeo,NREL,False,12,11,Batchfile,bsd-3-clause,2020-07-31T22:47:18.000Z,2025-02-07T14:03:41.000Z,,,0,0,
https://github.com/nrel/ssc,NREL,False,86,105,C++,bsd-3-clause,2017-06-13T18:40:17.000Z,2025-05-30T16:26:40.000Z,0.7929137323943662,54,0,0,
https://github.com/nrel-distribution-suites/erad,NREL-Distribution-Suites,False,13,8,Python,bsd-3-clause,2022-10-20T18:16:38.000Z,2025-05-17T09:06:14.000Z,0.4,5,0,0,
https://github.com/nrel-sienna/powersimulationsdynamics.jl,NREL-Sienna,False,199,51,Julia,bsd-3-clause,2020-07-16T19:36:16.000Z,2025-05-26T00:46:18.000Z,0.33123312331233123,16,26,0,2024-06-05
https://github.com/nrel-sienna/powersystemsinvestments.jl,NREL-Sienna,False,18,12,Julia,bsd-3-clause,2024-02-29T21:28:33.000Z,2025-05-01T06:57:45.000Z,,,0,0,
https://github.com/pencleanenergy/match-model,pencleanenergy,False,28,10,Python,agpl-3.0,2020-09-30T16:28:12.000Z,2024-11-07T07:53:20.000Z,,,0,0,
https://github.com/philipphaertel/emprise,philipphaertel,False,2,0,Python,gpl-3.0,2021-04-26T10:40:57.000Z,2025-03-13T08:16:37.000Z,,,0,0,
https://github.com/rahmankhorramfar91/jpong,RahmanKhorramfar91,False,1,0,Python,mit,2023-01-14T23:13:45.000Z,2024-12-10T05:49:52.000Z,,,0,0,
https://github.com/robbiemorrison/deeco,robbiemorrison,False,3,1,C,gpl-2.0,2017-01-03T15:26:30.000Z,2025-05-27T14:08:28.000Z,,,0,0,
https://github.com/simjunky/leelo,simjunky,False,0,0,Julia,mit,2022-02-24T13:42:51.000Z,2022-08-28T22:39:54.000Z,,,0,0,
https://github.com/spf-ost/optihood,SPF-OST,False,3,7,HTML,mit,2021-05-25T08:18:43.000Z,2025-05-16T06:17:16.000Z,0.7618453865336658,23,0,0,
https://github.com/stanford-eao/bridges,Stanford-EAO,False,6,0,Julia,,2021-10-07T17:31:28.000Z,2025-05-23T21:10:36.000Z,,,0,0,
https://github.com/transient-official/transient-lib,TransiEnt-official,False,9,12,Modelica,bsd-3-clause,2022-04-21T08:07:12.000Z,2024-10-12T14:30:22.000Z,,,0,0,
https://github.com/tum-ens/rivus,tum-ens,False,17,11,Python,gpl-3.0,2015-07-08T07:35:03.000Z,2025-03-07T23:28:27.000Z,,,0,0,
https://gitlab.com/energyincities/python-ehub,energyincities,False,6,1,,gpl-3.0+,2017-10-17T20:30:22.215Z,2024-05-11T00:10:41.176Z,,,101,3,2022-10-31
https://gitlab.com/sesit/idea,sesit,False,1,0,,mit,2023-10-26T17:37:59.133Z,2024-09-02T17:36:52.566Z,,,0,0,
https://github.com/ahalev/python-microgrid,ahalev,False,80,8,Python,lgpl-3.0,2023-03-28T20:57:51.000Z,2025-05-21T07:46:05.000Z,0.1583476764199656,10,125,1,2024-04-06
https://github.com/ames-market/psst,ames-market,False,41,26,Jupyter Notebook,other,2016-05-09T03:47:40.000Z,2025-05-28T10:23:10.000Z,,,0,0,
https://github.com/changgang/steps,changgang,False,57,18,C++,mit,2019-08-24T12:09:47.000Z,2025-05-09T13:10:49.000Z,0.07065217391304346,4,258,1,2024-09-22
https://github.com/chengts95/rustpower,chengts95,False,34,9,Rust,mpl-2.0,2024-05-13T10:24:10.000Z,2025-05-26T13:14:34.000Z,,,0,0,
https://github.com/csenkpiel/inve2st,CSenkpiel,False,3,1,Python,agpl-3.0,2020-03-02T14:24:46.000Z,2024-01-30T14:27:54.000Z,,,0,0,
https://github.com/dgusain1/energysim,dgusain1,False,2,3,Python,,2019-12-06T10:31:09.000Z,2024-06-25T07:51:14.000Z,,,317,1,2021-09-23
https://github.com/dss-extensions/dss_capi,dss-extensions,False,34,13,Pascal,bsd-3-clause,2017-12-18T14:45:11.000Z,2025-02-19T18:59:47.000Z,0.6553601340033501,8,0,0,
https://github.com/epri-dev/opendss-c,epri-dev,False,4,4,C++,,2024-07-16T19:17:21.000Z,2025-04-17T01:20:02.000Z,,,0,0,
https://github.com/fabmid/open-energy-cell-simulation,fabmid,False,4,1,Python,other,2020-09-03T14:41:48.000Z,2025-02-13T12:16:22.000Z,,,0,0,
https://github.com/grid2op/chronix2grid,Grid2op,False,20,7,Jupyter Notebook,mpl-2.0,2020-03-03T14:44:22.000Z,2025-01-23T08:55:33.000Z,0.6875,16,0,0,
https://github.com/kiedanski/pymarket,kiedanski,False,27,6,Python,mit,2019-06-19T09:25:16.000Z,2024-09-30T04:56:16.000Z,,,0,0,
https://github.com/kth-desa/onsset-2016,KTH-dESA,False,24,18,Python,other,2016-07-26T14:55:55.000Z,2025-01-08T14:15:31.000Z,,,0,0,
https://github.com/lvorspel/digripy,lvorspel,False,14,5,Python,other,2021-01-13T14:18:33.000Z,2025-05-13T08:49:54.000Z,,,56,1,2021-05-04
https://github.com/microgrids-x/microgrids.py,Microgrids-X,False,14,5,Python,mit,2022-07-21T15:16:19.000Z,2025-03-31T13:59:29.000Z,0.0,1,122,0,2023-10-17
https://github.com/oemof/tespy,oemof,False,318,99,Python,mit,2017-12-11T08:44:12.000Z,2025-05-27T14:28:35.000Z,0.1013689700130378,28,2794,5,2025-05-29
https://github.com/pielube/messpy,pielube,False,34,9,Python,,2022-02-25T15:33:17.000Z,2025-05-25T04:19:39.000Z,,,0,0,
https://github.com/pnnl/tesp,pnnl,False,44,39,Python,other,2017-03-28T16:41:17.000Z,2025-04-15T08:38:06.000Z,0.40501792114695345,26,126,1,2024-12-15
https://github.com/psrenergy/sddpdso.jl,psrenergy,False,8,1,Julia,mpl-2.0,2021-09-24T21:08:41.000Z,2024-04-24T04:55:57.000Z,,,0,0,
https://github.com/rwl/pypower,rwl,False,362,121,Python,other,2009-05-22T12:14:47.000Z,2025-05-07T06:00:33.000Z,0.3142857142857143,21,17621,11,2025-04-10
https://github.com/sogno-platform/pymfm,sogno-platform,False,4,4,Python,apache-2.0,2023-09-26T15:17:38.000Z,2024-11-30T03:10:47.000Z,,,40,0,2023-10-20
https://github.com/soheilmohseni/pymicrogridcontrol,soheilmohseni,False,5,0,Python,apache-2.0,2023-12-13T03:28:14.000Z,2025-03-19T01:18:12.000Z,,,0,0,
https://github.com/sp-etx/friendlysam,sp-etx,False,2,2,Python,,2014-12-09T11:58:58.000Z,2018-01-03T09:51:21.000Z,,,266,2,2015-06-15
https://github.com/susantoj/pypower-dynamics,susantoj,False,60,32,Python,bsd-3-clause,2014-11-09T01:23:03.000Z,2025-02-19T08:34:28.000Z,,,74,2,2015-03-14
https://github.com/yanzhaochang/psatools-python,yanzhaochang,False,3,2,Python,apache-2.0,2021-03-27T13:29:00.000Z,2024-10-08T17:54:21.000Z,,,0,0,
